{"header": "{\"msgid\": \"12458\", \"msgtype\": \"PATCH-DOC\"}", "metadata": "{}", "content": "{\"events\": [{\"attr\": \"children\", \"kind\": \"ModelChanged\", \"model\": {\"id\": \"11925\"}, \"new\": [{\"id\": \"12384\"}]}], \"references\": [{\"attributes\": {}, \"id\": \"12405\", \"type\": \"ResetTool\"}, {\"attributes\": {\"end\": 248.4, \"reset_end\": 248.4, \"reset_start\": 27.599999999999998, \"start\": 27.599999999999998, \"tags\": [[[\"hp\", \"hp\", null]]]}, \"id\": \"12382\", \"type\": \"Range1d\"}, {\"attributes\": {\"data\": {\"hp\": [130, 165, 150, 150, 140, 198, 220, 215, 225, 190, 170, 160, 150, 225, 95, 95, 97, 85, 88, 46, 87, 90, 95, 113, 90, 215, 200, 210, 193, 88, 90, 95, 100, 105, 100, 88, 100, 165, 175, 153, 150, 180, 170, 175, 110, 72, 100, 88, 86, 90, 70, 76, 65, 69, 60, 70, 95, 80, 54, 90, 86, 165, 175, 150, 153, 150, 208, 155, 160, 190, 97, 150, 130, 140, 150, 112, 76, 87, 69, 86, 92, 97, 80, 88, 175, 150, 145, 137, 150, 198, 150, 158, 150, 215, 225, 175, 105, 100, 100, 88, 95, 46, 150, 167, 170, 180, 100, 88, 72, 94, 90, 85, 107, 90, 145, 230, 49, 75, 91, 112, 150, 110, 122, 180, 95, 100, 100, 67, 80, 65, 75, 100, 110, 105, 140, 150, 150, 140, 150, 83, 67, 78, 52, 61, 75, 75, 75, 97, 93, 67, 95, 105, 72, 72, 170, 145, 150, 148, 110, 105, 110, 95, 110, 110, 129, 75, 83, 100, 78, 96, 71, 97, 97, 70, 90, 95, 88, 98, 115, 53, 86, 81, 92, 79, 83, 140, 150, 120, 152, 100, 105, 81, 90, 52, 60, 70, 53, 100, 78, 110, 95, 71, 70, 75, 72, 102, 150, 88, 108, 120, 180, 145, 130, 150, 68, 80, 58, 96, 70, 145, 110, 145, 130, 110, 105, 100, 98, 180, 170, 190, 149, 78, 88, 75, 89, 63, 83, 67, 78, 97, 110, 110, 48, 66, 52, 70, 60, 110, 140, 139, 105, 95, 85, 88, 100, 90, 105, 85, 110, 120, 145, 165, 139, 140, 68, 95, 97, 75, 95, 105, 85, 97, 103, 125, 115, 133, 71, 68, 115, 85, 88, 90, 110, 130, 129, 138, 135, 155, 142, 125, 150, 71, 65, 80, 80, 77, 125, 71, 90, 70, 70, 65, 69, 90, 115, 115, 90, 76, 60, 70, 65, 90, 88, 90, 90, 78, 90, 75, 92, 75, 65, 105, 65, 48, 48, 67, 67, 67, 67, 62, 132, 100, 88, 72, 84, 84, 92, 110, 84, 58, 64, 60, 67, 65, 62, 68, 63, 65, 65, 74, 75, 75, 100, 74, 80, 76, 116, 120, 110, 105, 88, 85, 88, 88, 88, 85, 84, 90, 92, 74, 68, 68, 63, 70, 88, 75, 70, 67, 67, 67, 110, 85, 92, 112, 96, 84, 90, 86, 52, 84, 79, 82], \"yr\": [70, 70, 70, 70, 70, 70, 70, 70, 70, 70, 70, 70, 70, 70, 70, 70, 70, 70, 70, 70, 70, 70, 70, 70, 70, 70, 70, 70, 70, 71, 71, 71, 71, 71, 71, 71, 71, 71, 71, 71, 71, 71, 71, 71, 71, 71, 71, 71, 71, 71, 71, 71, 71, 71, 71, 71, 72, 72, 72, 72, 72, 72, 72, 72, 72, 72, 72, 72, 72, 72, 72, 72, 72, 72, 72, 72, 72, 72, 72, 72, 72, 72, 72, 72, 73, 73, 73, 73, 73, 73, 73, 73, 73, 73, 73, 73, 73, 73, 73, 73, 73, 73, 73, 73, 73, 73, 73, 73, 73, 73, 73, 73, 73, 73, 73, 73, 73, 73, 73, 73, 73, 73, 73, 73, 74, 74, 74, 74, 74, 74, 74, 74, 74, 74, 74, 74, 74, 74, 74, 74, 74, 74, 74, 74, 74, 74, 74, 74, 74, 74, 75, 75, 75, 75, 75, 75, 75, 75, 75, 75, 75, 75, 75, 75, 75, 75, 75, 75, 75, 75, 75, 75, 75, 75, 75, 75, 75, 75, 75, 75, 76, 76, 76, 76, 76, 76, 76, 76, 76, 76, 76, 76, 76, 76, 76, 76, 76, 76, 76, 76, 76, 76, 76, 76, 76, 76, 76, 76, 76, 76, 76, 76, 76, 76, 77, 77, 77, 77, 77, 77, 77, 77, 77, 77, 77, 77, 77, 77, 77, 77, 77, 77, 77, 77, 77, 77, 77, 77, 77, 77, 77, 77, 78, 78, 78, 78, 78, 78, 78, 78, 78, 78, 78, 78, 78, 78, 78, 78, 78, 78, 78, 78, 78, 78, 78, 78, 78, 78, 78, 78, 78, 78, 78, 78, 78, 78, 78, 78, 79, 79, 79, 79, 79, 79, 79, 79, 79, 79, 79, 79, 79, 79, 79, 79, 79, 79, 79, 79, 79, 79, 79, 79, 79, 79, 79, 79, 79, 80, 80, 80, 80, 80, 80, 80, 80, 80, 80, 80, 80, 80, 80, 80, 80, 80, 80, 80, 80, 80, 80, 80, 80, 80, 80, 80, 81, 81, 81, 81, 81, 81, 81, 81, 81, 81, 81, 81, 81, 81, 81, 81, 81, 81, 81, 81, 81, 81, 81, 81, 81, 81, 81, 81, 82, 82, 82, 82, 82, 82, 82, 82, 82, 82, 82, 82, 82, 82, 82, 82, 82, 82, 82, 82, 82, 82, 82, 82, 82, 82, 82, 82, 82, 82]}, \"selected\": {\"id\": \"12415\"}, \"selection_policy\": {\"id\": \"12432\"}}, \"id\": \"12414\", \"type\": \"ColumnDataSource\"}, {\"attributes\": {\"bottom_units\": \"screen\", \"fill_alpha\": 0.5, \"fill_color\": \"lightgrey\", \"left_units\": \"screen\", \"level\": \"overlay\", \"line_alpha\": 1.0, \"line_color\": \"black\", \"line_dash\": [4, 4], \"line_width\": 2, \"right_units\": \"screen\", \"top_units\": \"screen\"}, \"id\": \"12406\", \"type\": \"BoxAnnotation\"}, {\"attributes\": {}, \"id\": \"12391\", \"type\": \"LinearScale\"}, {\"attributes\": {\"active_drag\": \"auto\", \"active_inspect\": \"auto\", \"active_multi\": null, \"active_scroll\": \"auto\", \"active_tap\": \"auto\", \"tools\": [{\"id\": \"12383\"}, {\"id\": \"12401\"}, {\"id\": \"12402\"}, {\"id\": \"12403\"}, {\"id\": \"12404\"}, {\"id\": \"12405\"}]}, \"id\": \"12407\", \"type\": \"Toolbar\"}, {\"attributes\": {\"text\": \"\", \"text_color\": {\"value\": \"black\"}, \"text_font_size\": {\"value\": \"12pt\"}}, \"id\": \"12385\", \"type\": \"Title\"}, {\"attributes\": {\"end\": 82.51428571428572, \"reset_end\": 82.51428571428572, \"reset_start\": 69.48571428571428, \"start\": 69.48571428571428, \"tags\": [[[\"yr\", \"yr\", null]]]}, \"id\": \"12381\", \"type\": \"Range1d\"}, {\"attributes\": {}, \"id\": \"12402\", \"type\": \"PanTool\"}, {\"attributes\": {\"fill_alpha\": {\"value\": 0.1}, \"fill_color\": {\"value\": \"#0f0f0f\"}, \"line_alpha\": {\"value\": 0.1}, \"line_color\": {\"value\": \"#0f0f0f\"}, \"size\": {\"units\": \"screen\", \"value\": 5.477225575051661}, \"x\": {\"field\": \"yr\"}, \"y\": {\"field\": \"hp\"}}, \"id\": \"12418\", \"type\": \"Scatter\"}, {\"attributes\": {\"data_source\": {\"id\": \"12414\"}, \"glyph\": {\"id\": \"12417\"}, \"hover_glyph\": null, \"muted_glyph\": {\"id\": \"12419\"}, \"nonselection_glyph\": {\"id\": \"12418\"}, \"selection_glyph\": null, \"view\": {\"id\": \"12421\"}}, \"id\": \"12420\", \"type\": \"GlyphRenderer\"}, {\"attributes\": {}, \"id\": \"12415\", \"type\": \"Selection\"}, {\"attributes\": {}, \"id\": \"12424\", \"type\": \"BasicTickFormatter\"}, {\"attributes\": {}, \"id\": \"12422\", \"type\": \"BasicTickFormatter\"}, {\"attributes\": {}, \"id\": \"12401\", \"type\": \"SaveTool\"}, {\"attributes\": {}, \"id\": \"12432\", \"type\": \"UnionRenderers\"}, {\"attributes\": {\"axis\": {\"id\": \"12397\"}, \"dimension\": 1, \"grid_line_color\": null, \"ticker\": null}, \"id\": \"12400\", \"type\": \"Grid\"}, {\"attributes\": {\"callback\": null, \"renderers\": [{\"id\": \"12420\"}], \"tags\": [\"hv_created\"], \"tooltips\": [[\"yr\", \"@{yr}\"], [\"hp\", \"@{hp}\"]]}, \"id\": \"12383\", \"type\": \"HoverTool\"}, {\"attributes\": {}, \"id\": \"12394\", \"type\": \"BasicTicker\"}, {\"attributes\": {}, \"id\": \"12403\", \"type\": \"WheelZoomTool\"}, {\"attributes\": {\"below\": [{\"id\": \"12393\"}], \"center\": [{\"id\": \"12396\"}, {\"id\": \"12400\"}], \"left\": [{\"id\": \"12397\"}], \"margin\": [5, 5, 5, 5], \"min_border_bottom\": 10, \"min_border_left\": 10, \"min_border_right\": 10, \"min_border_top\": 10, \"plot_height\": 300, \"plot_width\": 700, \"renderers\": [{\"id\": \"12420\"}], \"sizing_mode\": \"fixed\", \"title\": {\"id\": \"12385\"}, \"toolbar\": {\"id\": \"12407\"}, \"x_range\": {\"id\": \"12381\"}, \"x_scale\": {\"id\": \"12389\"}, \"y_range\": {\"id\": \"12382\"}, \"y_scale\": {\"id\": \"12391\"}}, \"id\": \"12384\", \"subtype\": \"Figure\", \"type\": \"Plot\"}, {\"attributes\": {\"axis\": {\"id\": \"12393\"}, \"grid_line_color\": null, \"ticker\": null}, \"id\": \"12396\", \"type\": \"Grid\"}, {\"attributes\": {}, \"id\": \"12389\", \"type\": \"LinearScale\"}, {\"attributes\": {\"overlay\": {\"id\": \"12406\"}}, \"id\": \"12404\", \"type\": \"BoxZoomTool\"}, {\"attributes\": {\"source\": {\"id\": \"12414\"}}, \"id\": \"12421\", \"type\": \"CDSView\"}, {\"attributes\": {\"axis_label\": \"yr\", \"bounds\": \"auto\", \"formatter\": {\"id\": \"12422\"}, \"major_label_orientation\": \"horizontal\", \"ticker\": {\"id\": \"12394\"}}, \"id\": \"12393\", \"type\": \"LinearAxis\"}, {\"attributes\": {}, \"id\": 