{"header": "{\"msgid\": \"9469\", \"msgtype\": \"PATCH-DOC\"}", "metadata": "{}", "content": "{\"events\": [{\"attr\": \"children\", \"kind\": \"ModelChanged\", \"model\": {\"id\": \"6519\"}, \"new\": [{\"id\": \"9395\"}]}], \"references\": [{\"attributes\": {}, \"id\": \"9435\", \"type\": \"BasicTickFormatter\"}, {\"attributes\": {\"end\": 237.8857142857143, \"reset_end\": 237.8857142857143, \"reset_start\": 38.114285714285714, \"start\": 38.114285714285714, \"tags\": [[[\"hp\", \"hp\", null]]]}, \"id\": \"9392\", \"type\": \"Range1d\"}, {\"attributes\": {\"data\": {\"cyl\": [8, 8, 8, 8, 8, 8, 8, 8, 8, 8, 8, 8, 8, 8, 4, 6, 6, 6, 4, 4, 4, 4, 4, 4, 6, 8, 8, 8, 8, 4, 4, 4, 6, 6, 6, 6, 6, 8, 8, 8, 8, 8, 8, 8, 6, 4, 6, 6, 4, 4, 4, 4, 4, 4, 4, 4, 4, 4, 4, 4, 4, 8, 8, 8, 8, 8, 8, 8, 8, 8, 3, 8, 8, 8, 8, 4, 4, 4, 4, 4, 4, 4, 4, 4, 8, 8, 8, 8, 8, 8, 8, 8, 8, 8, 8, 8, 6, 6, 6, 6, 6, 4, 8, 8, 8, 8, 6, 4, 4, 4, 3, 4, 6, 4, 8, 8, 4, 4, 4, 4, 8, 4, 6, 8, 6, 6, 6, 4, 4, 4, 4, 6, 6, 6, 8, 8, 8, 8, 8, 4, 4, 4, 4, 4, 4, 4, 4, 4, 4, 4, 6, 6, 6, 6, 8, 8, 8, 8, 6, 6, 6, 6, 6, 8, 8, 4, 4, 6, 4, 4, 4, 4, 6, 4, 6, 4, 4, 4, 4, 4, 4, 4, 4, 4, 4, 8, 8, 8, 8, 6, 6, 6, 6, 4, 4, 4, 4, 6, 6, 6, 6, 4, 4, 4, 4, 4, 8, 4, 6, 6, 8, 8, 8, 8, 4, 4, 4, 4, 4, 8, 8, 8, 8, 6, 6, 6, 6, 8, 8, 8, 8, 4, 4, 4, 4, 4, 4, 4, 4, 6, 4, 3, 4, 4, 4, 4, 4, 8, 8, 8, 6, 6, 6, 4, 6, 6, 6, 6, 6, 6, 8, 6, 8, 8, 4, 4, 4, 4, 4, 4, 4, 4, 5, 6, 4, 6, 4, 4, 6, 6, 4, 6, 6, 8, 8, 8, 8, 8, 8, 8, 8, 4, 4, 4, 4, 5, 8, 4, 8, 4, 4, 4, 4, 4, 6, 6, 4, 4, 4, 4, 4, 4, 4, 4, 6, 4, 4, 4, 4, 4, 4, 4, 4, 4, 4, 5, 4, 4, 4, 4, 6, 3, 4, 4, 4, 4, 4, 6, 4, 4, 4, 4, 4, 4, 4, 4, 4, 4, 4, 4, 4, 4, 4, 4, 4, 6, 6, 6, 6, 8, 6, 6, 4, 4, 4, 4, 4, 4, 4, 4, 4, 4, 4, 4, 4, 4, 4, 4, 4, 4, 6, 6, 4, 6, 4, 4, 4, 4, 4, 4, 4, 4], \"hp\": [130, 165, 150, 150, 140, 198, 220, 215, 225, 190, 170, 160, 150, 225, 95, 95, 97, 85, 88, 46, 87, 90, 95, 113, 90, 215, 200, 210, 193, 88, 90, 95, 100, 105, 100, 88, 100, 165, 175, 153, 150, 180, 170, 175, 110, 72, 100, 88, 86, 90, 70, 76, 65, 69, 60, 70, 95, 80, 54, 90, 86, 165, 175, 150, 153, 150, 208, 155, 160, 190, 97, 150, 130, 140, 150, 112, 76, 87, 69, 86, 92, 97, 80, 88, 175, 150, 145, 137, 150, 198, 150, 158, 150, 215, 225, 175, 105, 100, 100, 88, 95, 46, 150, 167, 170, 180, 100, 88, 72, 94, 90, 85, 107, 90, 145, 230, 49, 75, 91, 112, 150, 110, 122, 180, 95, 100, 100, 67, 80, 65, 75, 100, 110, 105, 140, 150, 150, 140, 150, 83, 67, 78, 52, 61, 75, 75, 75, 97, 93, 67, 95, 105, 72, 72, 170, 145, 150, 148, 110, 105, 110, 95, 110, 110, 129, 75, 83, 100, 78, 96, 71, 97, 97, 70, 90, 95, 88, 98, 115, 53, 86, 81, 92, 79, 83, 140, 150, 120, 152, 100, 105, 81, 90, 52, 60, 70, 53, 100, 78, 110, 95, 71, 70, 75, 72, 102, 150, 88, 108, 120, 180, 145, 130, 150, 68, 80, 58, 96, 70, 145, 110, 145, 130, 110, 105, 100, 98, 180, 170, 190, 149, 78, 88, 75, 89, 63, 83, 67, 78, 97, 110, 110, 48, 66, 52, 70, 60, 110, 140, 139, 105, 95, 85, 88, 100, 90, 105, 85, 110, 120, 145, 165, 139, 140, 68, 95, 97, 75, 95, 105, 85, 97, 103, 125, 115, 133, 71, 68, 115, 85, 88, 90, 110, 130, 129, 138, 135, 155, 142, 125, 150, 71, 65, 80, 80, 77, 125, 71, 90, 70, 70, 65, 69, 90, 115, 115, 90, 76, 60, 70, 65, 90, 88, 90, 90, 78, 90, 75, 92, 75, 65, 105, 65, 48, 48, 67, 67, 67, 67, 62, 132, 100, 88, 72, 84, 84, 92, 110, 84, 58, 64, 60, 67, 65, 62, 68, 63, 65, 65, 74, 75, 75, 100, 74, 80, 76, 116, 120, 110, 105, 88, 85, 88, 88, 88, 85, 84, 90, 92, 74, 68, 68, 63, 70, 88, 75, 70, 67, 67, 67, 110, 85, 92, 112, 96, 84, 90, 86, 52, 84, 79, 82]}, \"selected\": {\"id\": \"9426\"}, \"selection_policy\": {\"id\": \"9443\"}}, \"id\": \"9425\", \"type\": \"ColumnDataSource\"}, {\"attributes\": {\"fill_alpha\": {\"value\": 0.2}, \"fill_color\": {\"value\": \"#AA0505\"}, \"line_alpha\": {\"value\": 0.2}, \"line_color\": {\"value\": \"#AA0505\"}, \"size\": {\"units\": \"screen\", \"value\": 5.477225575051661}, \"x\": {\"field\": \"hp\"}, \"y\": {\"field\": \"cyl\"}}, \"id\": \"9430\", \"type\": \"Scatter\"}, {\"attributes\": {\"axis\": {\"id\": \"9408\"}, \"dimension\": 1, \"grid_line_color\": null, \"ticker\": null}, \"id\": \"9411\", \"type\": \"Grid\"}, {\"attributes\": {\"bottom_units\": \"screen\", \"fill_alpha\": 0.5, \"fill_color\": \"lightgrey\", \"left_units\": \"screen\", \"level\": \"overlay\", \"line_alpha\": 1.0, \"line_color\": \"black\", \"line_dash\": [4, 4], \"line_width\": 2, \"right_units\": \"screen\", \"top_units\": \"screen\"}, \"id\": \"9417\", \"type\": \"BoxAnnotation\"}, {\"attributes\": {}, \"id\": \"9413\", \"type\": \"PanTool\"}, {\"attributes\": {\"source\": {\"id\": \"9425\"}}, \"id\": \"9432\", \"type\": \"CDSView\"}, {\"attributes\": {}, \"id\": \"9405\", \"type\": \"BasicTicker\"}, {\"attributes\": {\"data_source\": {\"id\": \"9425\"}, \"glyph\": {\"id\": \"9428\"}, \"hover_glyph\": null, \"muted_glyph\": {\"id\": \"9430\"}, \"nonselection_glyph\": {\"id\": \"9429\"}, \"selection_glyph\": null, \"view\": {\"id\": \"9432\"}}, \"id\": \"9431\", \"type\": \"GlyphRenderer\"}, {\"attributes\": {\"overlay\": {\"id\": \"9417\"}}, \"id\": \"9415\", \"type\": \"BoxZoomTool\"}, {\"attributes\": {}, \"id\": \"9443\", \"type\": \"UnionRenderers\"}, {\"attributes\": {}, \"id\": \"9409\", \"type\": \"BasicTicker\"}, {\"attributes\": {}, \"id\": \"9416\", \"type\": \"ResetTool\"}, {\"attributes\": {\"below\": [{\"id\": \"9404\"}], \"center\": [{\"id\": \"9407\"}, {\"id\": \"9411\"}], \"left\": [{\"id\": \"9408\"}], \"margin\": [5, 5, 5, 5], \"min_border_bottom\": 10, \"min_border_left\": 10, \"min_border_right\": 10, \"min_border_top\": 10, \"plot_height\": 300, \"plot_width\": 700, \"renderers\": [{\"id\": \"9431\"}], \"sizing_mode\": \"fixed\", \"title\": {\"id\": \"9396\"}, \"toolbar\": {\"id\": \"9418\"}, \"x_range\": {\"id\": \"9392\"}, \"x_scale\": {\"id\": \"9400\"}, \"y_range\": {\"id\": \"9393\"}, \"y_scale\": {\"id\": \"9402\"}}, \"id\": \"9395\", \"subtype\": \"Figure\", \"type\": \"Plot\"}, {\"attributes\": {\"text\": \"\", \"text_color\": {\"value\": \"black\"}, \"text_font_size\": {\"value\": \"12pt\"}}, \"id\": \"9396\", \"type\": \"Title\"}, {\"attributes\": {\"active_drag\": \"auto\", \"active_inspect\": \"auto\", \"active_multi\": null, \"active_scroll\": \"auto\", \"active_tap\": \"auto\", \"tools\": [{\"id\": \"9394\"}, {\"id\": \"9412\"}, {\"id\": \"9413\"}, {\"id\": \"9414\"}, {\"id\": \"9415\"}, {\"id\": \"9416\"}]}, \"id\": \"9418\", \"type\": \"Toolbar\"}, {\"attributes\": {\"axis_label\": \"hp\", \"bounds\": \"auto\", \"formatter\": {\"id\": \"9433\"}, \"major_label_orientation\": \"horizontal\", \"ticker\": {\"id\": \"9405\"}}, \"id\": \"9404\", \"type\": \"LinearAxis\"}, {\"attributes\": {\"callback\": null, \"renderers\": [{\"id\": \"9431\"}], \"tags\": [\"hv_created\"], \"tooltips\": [[\"hp\", \"@{hp}\"], [\"cyl\", \"@{cyl}\"]]}, \"id\": \"9394\", \"type\": \"HoverTool\"}, {\"attributes\": {\"fill_alpha\": {\"value\": 0.1}, \"fill_color\": {\"value\": \"#AA0505\"}, \"line_alpha\": {\"value\": 0.1}, \"line_color\": {\"value\": \"#AA0505\"}, \"size\": {\"units\": \"screen\", \"value\": 5.477225575051661}, \"x\": {\"field\": \"hp\"}, \"y\": {\"field\": \"cyl\"}}, \"id\": \"9429\", \"type\": \"Scatter\"}, {\"attributes\": {\"axis\": {\"id\": \"9404\"}, \"grid_line_color\": null, \"ticker\": null}, \"id\": \"9407\", \"type\": \"Grid\"}, {\"attributes\": {}, \"id\": \"9412\", \"type\": \"SaveTool\"}, {\"attributes\": {}, \"id\": \"9400\", \"type\": \"LinearScale\"}, {\"attributes\": {\"fill_color\": {\"value\": \"#AA0505\"}, \"line_color\": {\"value\": \"#AA0505\"}, \"size\": {\"units\": \"screen\", \"value\": 5.477225575051661}, \"x\": {\"field\": \"hp\"}, \"y\": {\"field\": \"cyl\"}}, \"id\": \"9428\", \"type\": \"Scatter\"}, {\"attributes\": {}, \"id\": \"9414\", \"type\": \"WheelZoomTool\"}, {\"attributes\": {}, \"id\": \"9402\", \"type\": \"LinearScale\"}, {\"attributes\": {}, \"id\": \"9433\", \"type\": \"BasicTickFormatter\"}, {\"attributes\": {\"axis_label\": \"cyl\", \"bounds\": \"auto\", \"formatter\": 